제품,가격 (원),별점,찜
로지텍 로지텍G G304 LIGHTSPEED WIRELESS,"37,990",4.85,1113
로지텍 LIFT 무선 마우스,"69,510",4.86,1055
지클릭커 쓸떼많은 다쿠아즈 무소음 무선 블루투스 마우스,"14,900",4.7,534
로지텍 M331 무소음,"22,400",4.87,419
로지텍 MX MASTER 3S,"110,430",4.85,842
프리플로우 싸이록스 V8 8K 무선 마우스,"79,900",4.9,9
로지텍 G PRO 지슈라2 지프로 슈퍼라이트2 무선 게이밍 마우스 XSUPERLIGHT2,"199,000",4.96,1550
지클릭커 버티컬 도톰쉬폰 무소음 인체공학 블루투스 무선 마우스 OP50,"19,800",4.75,196
지클릭커 오피스프로 휠마스터 무소음 무선 마우스,"39,800",4.69,216
로지텍 로지텍G PRO X SUPERLIGHT 2 게이밍 마우스,"179,100",4.92,1782
앱코 WEM60 인체공학 무선 버티컬 마우스,"25,900",4.83,530
로지텍 로지텍G G304 LIGHTSPEED WIRELESS (벌크),"34,900",4.78,19
로지텍 시그니처 M650,"37,490",4.84,294
로지텍G G304 LIGHTSPEED 게이밍 마우스,"15,350",4.15,354
로지텍 MX Anywhere 3S,"83,890",4.88,220
로지텍 페블 M350 마우스,"19,270",4.86,680
로지텍 로지텍G G703 HERO WIRELESS,"69,980",4.84,174
RAZER 데스에더 V3 프로,"143,700",4.91,171
(로지텍 정품) 지슈라 G PRO X SUPERLIGHT 벌크 무선게이밍 마우스,"132,790",4.86,561
RAZER DeathAdder V2 Pro,"69,880",4.88,352
지클릭커 슈퍼히어로 SPG10 아쿠아푸딩 투명 블루투스 무선 마우스,"22,400",4.67,17
로지텍 M720 Triathlon,"36,700",4.84,302
한성컴퓨터 VM100 V2 OfficeMaster 듀얼무선,"20,610",4.72,208
로지텍 M240 Silent bluetooth,"17,350",4.85,230
로지텍 MX VERTICAL,"96,660",4.83,289
지클릭커 슈퍼히어로 OP95 벤투스 무선 블루투스 게이밍 커스텀마우스,"31,030",4.88,41
로지텍 로지텍G PRO WIRELESS,"82,080",4.84,116
RAZER Viper V3 Pro,"219,000",4.91,46
로지텍 M170 Wireless Mouse,"8,600",4.81,210
아이리버 EQWEAR-MVM7,"24,750",4.81,158
제닉스크리에이티브 STORMX VM3 무선 버티컬마우스,"34,800",4.74,2209
로지텍 PEBBLE M350S,"24,710",4.87,80
지클릭커 슈퍼히어로 OP100 르캄프 초경량 4K 게이밍 마우스,"46,900",4.9,29
로지텍 로지텍G G502 X PLUS,"158,900",4.87,169
RAZER 오로치 v2,"57,500",4.84,89
한성컴퓨터 BM100 듀얼 무선 무소음마우스,"15,210",4.83,202
아이리버 EQWEAR-EV3 무선 버티컬 마우스,"29,990",4.74,247
아이리버 EQwear-V10 무소음 무선 마우스,"12,990",4.79,73
로지텍 지슈라2 덱스 PRO X SUPERLIGHT 2 DEX 비대칭,"185,900",0,36
로지텍 로지텍G G309 무선 게이밍 마우스,"86,100",4.92,35
로지텍 MX MASTER 3S (벌크),"102,240",4.73,17
마이크로소프트 서피스 Arc 아크 블루투스 마우스 무선마우스,"78,600",4.72,148
로지텍 로지텍G G903 HERO WIRELESS,"103,400",4.84,116
DAREU A950 유무선 게이밍마우스,"44,910",4.89,45
샤오미 Mi 듀얼 모드 무소음 무선 마우스,"14,800",4.8,33
Apple 매직 마우스 2 실버 (MK2E3KH/A),"80,100",4.89,56
지클릭커 휠마스터2 무한 스크롤 무선 블루투스 마우스 OP02,"49,800",0,82
앱코 저소음 3MODE 무선 마우스 APM01,"12,900",4.85,153
RAZER Viper V2 PRO,"129,700",4.94,83
VXE R1 PRO MAX 잠자리 마우스 초경량 무선 게이밍 PAW3395 SE,"37,900",4.72,139
삼성전자 삼성 SM-M1700Q,"23,900",4.8,32
로지텍 로지텍G G502 X LIGHTSPEED,"116,090",4.87,130
로지텍 MX MASTER 3S FOR MAC,"119,090",4.81,110
삼성전자 삼성 SPA-KMA4PRB 무소음 무선 마우스,"17,890",4.8,59
로지텍무선마우스 G304 LIGHTSPEED 무선게이밍마우스 롤 배그 스타 PC 병행,"43,000",4.87,595
삼성전자 삼성 SM-M1300Q,"39,900",4.74,322
로지텍 로지텍G PRO X SUPERLIGHT,"123,430",4.89,342
[정품2년보증] 로지텍 지슈라2 지프로 슈퍼라이트2 2세대 GPROXSUPERLIGHT2,"199,000",4.95,1285
로지텍코리아 로지텍 MX Master 3S 무선마우스,"139,000",4.87,2842
로지텍코리아 버티컬 마우스 LIFT,"79,000",4.88,4564
TOGRAN DAREU A950G 1K,"45,000",4.93,40
로지텍 M185 Wireless Mouse,"9,230",4.8,27
지클릭커 쓸떼많은 다쿠아즈 무소음 무선 블루투스 마우스,"14,900",4.73,564
로지텍 G304 LIGHTSPEED 게이밍마우스 무선 벌크,"34,900",4.69,5
프리플로우 싸이록스 Scyrox V8 8K 무선 마우스,"79,900",4.9,494
로지텍G G304 LIGHTSPEED 무선 마우스 블랙 병행 밀봉박스상품,"41,490",4.88,112
로지텍코리아 로지텍G G304 LIGHTSPEED 게이밍마우스 2년보증 (블랙 /화이트/라일락/블루/민트),"59,900",4.89,1318
앱코 WEM60 무선 블루투스 버티컬 마우스 화이트,"25,900",4.8,216
로지텍코리아 로지텍 MX ANYWHERE 3S 무소음 무선마우스,"99,900",4.86,990
로지텍 무소음 무선 마우스 M331,"24,210",0,5
삼성전자 삼성 SPA-NMA1PMB,"26,000",4.77,50
로지텍 로지텍 G304 무선 게이밍 마우스 병행 밀봉박스새상품,"41,120",0,0
로지텍코리아 로지텍 G PRO X SUPERLIGHT 2 무선 게이밍 마우스,"199,000",4.92,1331
로지텍 G304 무선 게이밍 마우스 병행,"39,900",5.0,2
로지텍 M331 무선 USB 저소음 마우스 / 정품박스 / 병행수입정품,"22,400",4.87,172
로지텍 로지텍코리아 G304 LIGHTSPEED 게이밍 무선 마우스 2년보증,"44,400",0,0
마이크로소프트 블루투스 5.0 마우스,"18,700",4.68,85
WLMouse Beast X Mini 초경량 34g 무선 게이밍마우스 4K/8K 짐승마우스 펀키스 국내 정품,"198,000",4.88,554
로지텍 로지텍G G705 오로라 컬렉션,"101,480",4.89,211
로지텍 M221 무소음,"15,690",4.83,148
로지텍 페블 M350 마우스 (벌크),"16,900",4.79,7
제닉스크리에이티브 STORMX VM2 무선 버티컬 마우스,"24,550",4.75,582
다얼유 A950G 1K 유 무선 게이밍마우스 초경량,"45,000",4.93,765
로지텍코리아 M650 SIGNATURE 블루투스 멀티 마우스 (BOLT 수신기포함),"44,900",4.88,872
로지텍코리아 로지텍 M331 무소음 무선마우스 (블랙/그레이/레드),"24,900",4.89,558
로이체 RX-900S,"59,900",4.72,80
VXE MAD R 잠자리 마우스 36g 초경량 무선 게이밍 PAW3395 1K 수신기,"24,900",3.41,139
람주 MAYA 4K,"116,750",4.94,26
데이비드테크 엔보우 무선 무소음 마우스 NG01,"8,722",4.75,46
RAZER Deathadder V3 Pro FAKER edition,"189,000",4.94,97
로지텍 페블 M350 무선 마우스 핑크 병행 밀봉박스상품,"22,690",4.87,74
로지텍 M280 Wireless Mouse,"17,550",4.81,50
[국내정품] 로지텍 리프트 버티컬 무소음 무선 마우스 인체공학 사무용 노트북 아이패드 맥북 태블릿,"79,000",4.88,1687
삼성전자 삼성 SMO-3550B,"18,740",4.7,26
키크론 M6,"58,650",4.78,18
로지텍 로지텍G G304 LIGHTSPEED WIRELESS 병행수입 정품,"37,990",0,0
로지텍 MX Anywhere 3S 국내정품,"83,890",4.72,27
로지텍 로지텍G G303 SHROUD 에디션,"76,550",4.79,22
펄사 X2V2 미니 무선 게이밍 마우스,"82,280",4.86,23
제닉스 STORMX VM3 인체공학 버티컬 무선 블루투스 마우스 손목보호 태블릿 노트북,"35,900",4.69,471
로지텍 M350 페블 무선 무소음 마우스 아이패드 맥북 그램 노트북 블루투스 병행 +패드,"20,750",4.91,285
삼성전자 무선 버티컬 마우스 SM-M1300Q 멀티페어링 블루투스 저소음 인체공학 마우스,"39,900",4.75,889
제닉스크리에이티브 STORMX VM2 BT 무선 블루투스 버티컬 마우스,"30,590",4.69,552
레이저코리아 바이퍼 V3 프로 Razer Viper V3 Pro 유무선 게이밍마우스,"239,000",4.9,834
지클릭커 움직이는 마카롱 무소음 블루투스 무선 마우스,"11,400",4.72,226
삼성 멀티페어링 저소음 블루투스 무선 마우스 SM-M1700Q 노트북 갤럭시탭 저소음,"23,900",4.8,72
펄사 Xlite V3 미니 초경량 무선 게이밍 마우스,"83,300",4.86,21
RAZER 바실리스크 v3 프로 + 무선 충전 팩,"269,000",4.9,39
제닉스크리에이티브 STORMX VM1 무선 버티컬마우스,"17,900",4.73,122
로지텍코리아 로지텍 MX VERTICAL 버티컬 무선마우스,"129,000",4.84,1095
삼성전자 삼성 SM-B1500QG,"19,790",4.84,53
한성컴퓨터 BM200 듀얼무선 무소음마우스,"20,610",4.76,69
로지텍 로지텍 G304 무선 게이밍 마우스 병행 밀봉박스새상품,"43,640",0,0
로이체 산리오 충전형 무선 버티컬 마우스,"49,410",4.88,31
로이체 RX-800V,"24,210",4.79,87
(로지텍 정품) 로지텍G PRO WIRELESS 병행,"82,080",4.8,116
로지텍 Lift Vertical Ergonomic Mouse,"53,890",4.75,102
로지텍 M185 Wireless Mouse (벌크),"7,390",4.7,0
로이체 RX-550 무소음 옵티컬 마우스,"14,900",4.7,17
엑토 ONMSC-01,"22,410",4.79,39
로지텍G G304 무선게이밍마우스 맥북 맥 그램 노트북 갤럭시탭 서든 롤 배그 병행 +패드,"41,900",4.88,645
[로지텍코리아] M331 무소음 무선 마우스,"24,900",4.85,187
레이저코리아 바이퍼 v3 프로 무선 게이밍 마우스 블랙 하이퍼폴링 8K 동글 54G 바브삼,"239,000",4.94,212
무선마우스 로지텍정품 페블 M350 무소음 마우스 블루투스마우스 아이패드 맥 노트북 병행,"21,500",4.86,552
제닉스크리에이티브 TITAN GX AIR WIRELESS,"31,150",4.67,145
LAMZU 람주 마야 엑스 MaYa X 무선 게이밍 마우스 Wireless 8K,"162,000",4.8,30
삼성 무선마우스 무소음 블루투스 마우스 멀티페어링 사무용 고속휠 인체공학 마우스,"33,900",4.83,305
VXE R1 PRO MAX 잠자리 마우스 무선 게이밍 PAW3395,"29,790",0,2
람주 아틀란티스 미니 무선 게이밍 마우스,"124,900",4.92,30
로지텍 LIFT FOR MAC,"69,490",4.82,93
"[로지텍] 무선 게이밍 HERO마우스, G703 HERO Wireless [로지텍코리아정품] [블랙]","70,000",4.9,2
앱코 H150A 게이밍마우스,"59,000",4.9,509
샤오미 무선 마우스 블루투스 무선 무소음 사무용,"14,800",4.78,401
지클릭커 오피스 프로 버티컬 도톰쉬폰 인체공학 블루투스 무선 마우스 OP50 그레이,"19,800",4.83,30
RAZER DeathAdder V2 X HyperSpeed,"53,000",4.87,58
앱코 WM600,"25,000",4.76,453
닌젓소 소라 V2 초경량 39g 무선 게이밍 마우스,"139,000",4.63,86
로지텍코리아 로지텍G G502 X PLUS 무선 게이밍 마우스,"229,000",4.89,465
벤큐 조위 e스포츠 무선 게이밍 마우스 U2,"189,470",4.92,13
로지텍 코리아 리프트 버티컬 인체공학 무선 블루투스 마우스 LIFT VERTICAL MR0094,"69,520",0,2
지클릭커 휠마스터 M 틸트 스크롤 블루투스 무선 마우스 OP03,"29,900",3.0,74
로지텍 지슈라 GPROXSUPERLIGHT 지프로 슈퍼라이트 게이밍 마우스 병행 +패드,"133,900",4.8,177
"로지텍 게임용 무선 마우스, G304 라이트스피드, 12000 dpi, 노트북 액세서리, 컨트롤러 없음","15,350",0,0
WLMouse Beast X 8K 초경량 39g 무선 게이밍마우스 짐승마우스 펀키스 국내 정품,"218,000",4.97,176
제닉스크리에이티브 TITAN GV AIR 게이밍 마우스,"49,900",4.83,38
삼성 무소음 무선 마우스 SPA-NMA1PMB 멀티마우스 2.4GHz 블루투스 5.0,"26,000",4.79,175
마이크로소프트 Sculpt Ergonomic Mouse,"54,620",4.76,133
두들잇 애플 맥북 매직 마우스 2 그립 홀더(맥세이프 무선 충전 베이스 케이스),"18,900",4.65,571
로지텍 M720 Triathlon (벌크),"34,140",4.74,6
로이체 스마트 스크롤 하프 버티컬 인체공학 멀티페어링 무선 마우스 RX-900S,"59,900",4.72,915
ROCCAT 로캣 Pure Air 퓨어 에어 게이밍마우스,"107,100",4.88,10
펄사 Xlite V3 라지 무선 게이밍 마우스,"83,300",4.93,50
로지텍 무소음 무선 마우스  레드 M331,"24,210",0,3
다얼유 A950 유무선 게이밍마우스 충전독 세트,"46,000",4.89,414
[로지텍 정품] 로지텍GPRO 지프로무선 로지텍지프로 GPROWIRELESS 병행,"149,000",4.91,233
LG 그램 무선마우스 (HDNC-SV-C2),"16,000",4.67,60
다얼유 A950G 4K 유무선 게이밍마우스 초경량,"55,000",4.92,891
지클릭커 오피스프로 휠마스터 무소음 무선 마우스 그린,"39,800",4.78,60
마이크로소프트 Wireless Mobile Mouse 1850,"16,240",4.84,19
RAZER DeathAdder V3 Pro,"28,550",4.8,16
로지텍 M705 Marathon Mouse (벌크),"39,890",4.72,3
RAZER DeathAdder V3 Pro,"28,550",4.8,16
로지텍 MX ANYWHERE 3,"82,590",4.85,165
로지텍 무선마우스 M170 병행,"8,600",4.81,38
[인체공학설계/손목받침대/3000DPI/손목보호] 버티컬 무선마우스,"31,000",0,0
스틸시리즈 Aerox 5 Wireless,"169,580",4.85,5
웨이코스 씽크웨이 X VGN F1 PRO,"79,110",4.91,24
로지텍코리아 M170 무선마우스,"12,900",4.87,312
로지텍 멀티 디바이스 무소음 마우스 M590,"82,280",4.84,0
VGN 시리즈 VXE R1 PRO MAX F1 MOBA/F1 PRO MAX 무선 2.4G 초경량 게이밍 마우스,"17,820",0,16
키크론 M6 슬림 버티컬 초경량 무선 블루투스 마우스 인체공학 인피니트 C타입,"64,000",4.77,1240
아이리버 항균 EQWEAR-MVM7 듀얼 멀티페어링 무소음 버티컬 블루투스 무선마우스 블랙,"27,000",4.83,23
로지텍코리아 로지텍 MX Master 3S FOR MAC 무선마우스,"139,000",4.84,382
VM100 V2 OfficeMaster 듀얼무선 버티컬마우스 (블루투스 5.0 / VDT증후군 방지 / 인체공학적 디자인),"22,900",4.75,462
로지텍 코리아 리프트 버티컬 인체공학 무선 블루투스 마우스 LIFT VERTICAL  페일그레이 MR0094,"71,100",0,17
마이크로소프트 Designer Bluetooth Mouse,"36,940",4.65,46
로지텍 G304 LIGHTSPEED 무선 게이밍 마우스,"38,000",0,1
RAZER Viper V3 Hyperspeed,"89,910",4.92,47
로지텍 M171 Wireless Mouse,"9,570",4.82,9
글로리어스 MODEL O PRO WIRELESS,"67,600",4.77,8
로지텍 무소음 무선 마우스 Pebble M350S  핑크 Pebble M350S,"24,710",0,2
로지텍 로지텍 MX MASTER 3s 병행,"113,200",0,0
마이크로소프트 Microsoft 모던 모바일 마우스,"35,000",4.82,81
로지텍 로지텍G PRO X SUPERLIGHT 2 게이밍 마우스,"195,800",5.0,12
[로지텍코리아]로지텍G G304 LIGHTSPEED WIRELESS,"49,900",4.97,26
손목터널증후군예방 손목보호 6버튼 무선 버티컬 마우스 인체공학,"19,400",4.66,212
로지텍 버티컬 마우스 LIFT LEFT (왼손용),"69,520",4.87,12
로지텍코리아 로지텍 M720 TRIATHLON 블루투스 무선마우스,"69,900",4.81,282
로이체 RX-700TR,"19,710",4.82,92
아이리버 무소음 무선 마우스 EQwear-V10 블랙,"12,990",4.73,99
제닉스크리에이티브 STORMX WM1 게이밍 마우스,"9,900",4.81,13
로지텍코리아 PEBBLE M350S 무선 마우스 (USB 수신기 미포함),"29,900",4.88,760
리줌 M2 인체공학,"7,900",4.68,8
로지텍 무소음 무선 마우스  블랙 M331,"24,210",0,23
로지텍 MX MASTER 3S 박스상품 병행수입,"117,870",4.97,26
삼성전자 삼성 SM-M1400QB,"33,210",4.77,37
로지텍 MX MASTER 3S 마우스 그립 전신 보호 스킨 스티커 네디아,"17,400",4.6,122
VXE MAD R MAJOR+ 플러스 초경량 게임 마우스 500mAh 인체공학 무선 마우스 PAW3950센서 8K수신기포함,"45,690",0,2
삼성 무소음 블루투스 무선 마우스 SM-B1500Q 노트북 갤럭시탭 저소음,"19,800",4.85,304
"[병행,벌크] 로지텍 G502 X Plus 무선 게이밍 마우스","158,900",4.82,53
