aaa,1111,이다영,fblunkett0,63 Glacier Hill Alley,100000000
bbb,2222,홍길동,ecossam1,542 Lakeland Crossing,70000000
ccc,3333,이순신,gwatsonbrown2,249 Northfield Place,90000000
dcullnean3,4567,Darbie,dcroley3,30619 Algoma Hill,80000000
mcicculi4,1875,Mable,mkingsnode4,92 Ramsey Avenue,80000000
cjanman5,1760,Christen,chaveline5,280 Ruskin Place,70000000
qmauchlen6,8238,Quinn,qgrindall6,68016 Crownhardt Street,80000000
twestbury7,8099,Trudey,tpoad7,82 Green Ridge Plaza,60000000
echilley8,9381,Ellen,ebenaine8,92 Fordem Point,80000000
dkittle9,1794,Dagny,dborder9,3209 Sachtjen Terrace,100000000
rwallentina,4828,Rayner,rlinleya,739 Bluejay Junction,60000000
hmoyceb,8965,Haroun,hclayeb,28 Meadow Valley Alley,60000000
tdudmeshc,5118,Tessy,tlawelesc,0641 Browning Junction,90000000
dbeneytod,5363,Doug,dledfordd,5 Elka Plaza,60000000
bchelle,4818,Babb,bvittlee,8 Golden Leaf Pass,90000000
mrouthornf,2158,Mirabella,mniblettf,8 Hayes Place,60000000
rgreasong,4081,Rod,rorcottg,0 Linden Trail,50000000
jmarlh,7203,Juline,jbraisbyh,8 Rusk Pass,100000000
bdunlapi,5480,Benedikt,btevelovi,95179 Esch Court,60000000
gleganj,1672,Genevra,gatrillj,6797 Knutson Crossing,100000000
